{
	"start":	{
		"connected":	[{
				"socket":	5,
				"local_host":	"172.23.0.3",
				"local_port":	46820,
				"remote_host":	"172.23.0.2",
				"remote_port":	15200
			}],
		"version":	"iperf 3.12",
		"system_info":	"Linux b559c8bed303 6.12.80 #1-NixOS SMP PREEMPT_DYNAMIC Thu Apr  2 11:09:54 UTC 2026 x86_64",
		"timestamp":	{
			"time":	"Thu, 23 Apr 2026 08:02:30 GMT",
			"timesecs":	1776931350
		},
		"connecting_to":	{
			"host":	"tunnel-server",
			"port":	15200
		},
		"cookie":	"uiqjqwdukxb3aycc44yzq5ziockojc3m52rf",
		"tcp_mss_default":	1448,
		"target_bitrate":	0,
		"sock_bufsize":	0,
		"sndbuf_actual":	16384,
		"rcvbuf_actual":	131072,
		"test_start":	{
			"protocol":	"TCP",
			"num_streams":	1,
			"blksize":	131072,
			"omit":	0,
			"duration":	30,
			"bytes":	0,
			"blocks":	0,
			"reverse":	0,
			"tos":	0,
			"target_bitrate":	0
		}
	},
	"intervals":	[{
			"streams":	[{
					"socket":	5,
					"start":	0,
					"end":	1.00013,
					"seconds":	1.0001300573349,
					"bytes":	402128896,
					"bits_per_second":	3216612823.9087176,
					"retransmits":	0,
					"snd_cwnd":	398200,
					"snd_wnd":	29568,
					"rtt":	50,
					"rttvar":	21,
					"pmtu":	1500,
					"omitted":	false,
					"sender":	true
				}],
			"sum":	{
				"start":	0,
				"end":	1.00013,
				"seconds":	1.0001300573349,
				"bytes":	402128896,
				"bits_per_second":	3216612823.9087176,
				"retransmits":	0,
				"omitted":	false,
				"sender":	true
			}
		}, {
			"streams":	[{
					"socket":	5,
					"start":	1.00013,
					"end":	2.000083,
					"seconds":	0.99995297193527222,
					"bytes":	415087552,
					"bits_per_second":	3320856589.45864,
					"retransmits":	0,
					"snd_cwnd":	398200,
					"snd_wnd":	0,
					"rtt":	26,
					"rttvar":	7,
					"pmtu":	1500,
					"omitted":	false,
					"sender":	true
				}],
			"sum":	{
				"start":	1.00013,
				"end":	2.000083,
				"seconds":	0.99995297193527222,
				"bytes":	415087552,
				"bits_per_second":	3320856589.45864,
				"retransmits":	0,
				"omitted":	false,
				"sender":	true
			}
		}, {
			"streams":	[{
					"socket":	5,
					"start":	2.000083,
					"end":	3.000158,
					"seconds":	1.0000749826431274,
					"bytes":	384053040,
					"bits_per_second":	3072193958.77677,
					"retransmits":	0,
					"snd_cwnd":	398200,
					"snd_wnd":	512,
					"rtt":	156,
					"rttvar":	239,
					"pmtu":	1500,
					"omitted":	false,
					"sender":	true
				}],
			"sum":	{
				"start":	2.000083,
				"end":	3.000158,
				"seconds":	1.0000749826431274,
				"bytes":	384053040,
				"bits_per_second":	3072193958.77677,
				"retransmits":	0,
				"omitted":	false,
				"sender":	true
			}
		}, {
			"streams":	[{
					"socket":	5,
					"start":	3.000158,
					"end":	4.000089,
					"seconds":	0.99993097782135,
					"bytes":	392067720,
					"bits_per_second":	3136758265.88941,
					"retransmits":	0,
					"snd_cwnd":	398200,
					"snd_wnd":	0,
					"rtt":	37,
					"rttvar":	14,
					"pmtu":	1500,
					"omitted":	false,
					"sender":	true
				}],
			"sum":	{
				"start":	3.000158,
				"end":	4.000089,
				"seconds":	0.99993097782135,
				"bytes":	392067720,
				"bits_per_second":	3136758265.88941,
				"retransmits":	0,
				"omitted":	false,
				"sender":	true
			}
		}, {
			"streams":	[{
					"socket":	5,
					"start":	4.000089,
					"end":	5.000091,
					"seconds":	1.0000020265579224,
					"bytes":	412397640,
					"bits_per_second":	3299174434.0319133,
					"retransmits":	0,
					"snd_cwnd":	398200,
					"snd_wnd":	0,
					"rtt":	28,
					"rttvar":	15,
					"pmtu":	1500,
					"omitted":	false,
					"sender":	true
				}],
			"sum":	{
				"start":	4.000089,
				"end":	5.000091,
				"seconds":	1.0000020265579224,
				"bytes":	412397640,
				"bits_per_second":	3299174434.0319133,
				"retransmits":	0,
				"omitted":	false,
				"sender":	true
			}
		}, {
			"streams":	[{
					"socket":	5,
					"start":	5.000091,
					"end":	6.000102,
					"seconds":	1.0000109672546387,
					"bytes":	390438720,
					"bits_per_second":	3123475504.04879,
					"retransmits":	0,
					"snd_cwnd":	398200,
					"snd_wnd":	0,
					"rtt":	63,
					"rttvar":	65,
					"pmtu":	1500,
					"omitted":	false,
					"sender":	true
				}],
			"sum":	{
				"start":	5.000091,
				"end":	6.000102,
				"seconds":	1.0000109672546387,
				"bytes":	390438720,
				"bits_per_second":	3123475504.04879,
				"retransmits":	0,
				"omitted":	false,
				"sender":	true
			}
		}, {
			"streams":	[{
					"socket":	5,
					"start":	6.000102,
					"end":	7.00008,
					"seconds":	0.999978005886078,
					"bytes":	414222120,
					"bits_per_second":	3313849845.1910157,
					"retransmits":	0,
					"snd_cwnd":	422816,
					"snd_wnd":	0,
					"rtt":	40,
					"rttvar":	12,
					"pmtu":	1500,
					"omitted":	false,
					"sender":	true
				}],
			"sum":	{
				"start":	6.000102,
				"end":	7.00008,
				"seconds":	0.999978005886078,
				"bytes":	414222120,
				"bits_per_second":	3313849845.1910157,
				"retransmits":	0,
				"omitted":	false,
				"sender":	true
			}
		}, {
			"streams":	[{
					"socket":	5,
					"start":	7.00008,
					"end":	8.000086,
					"seconds":	1.0000059604644775,
					"bytes":	390960000,
					"bits_per_second":	3127661357.68558,
					"retransmits":	0,
					"snd_cwnd":	422816,
					"snd_wnd":	0,
					"rtt":	102,
					"rttvar":	136,
					"pmtu":	1500,
					"omitted":	false,
					"sender":	true
				}],
			"sum":	{
				"start":	7.00008,
				"end":	8.000086,
				"seconds":	1.0000059604644775,
				"bytes":	390960000,
				"bits_per_second":	3127661357.68558,
				"retransmits":	0,
				"omitted":	false,
				"sender":	true
			}
		}, {
			"streams":	[{
					"socket":	5,
					"start":	8.000086,
					"end":	9.000023,
					"seconds":	0.99993699789047241,
					"bytes":	394866776,
					"bits_per_second":	3159133240.0584025,
					"retransmits":	0,
					"snd_cwnd":	422816,
					"snd_wnd":	128,
					"rtt":	128,
					"rttvar":	167,
					"pmtu":	1500,
					"omitted":	false,
					"sender":	true
				}],
			"sum":	{
				"start":	8.000086,
				"end":	9.000023,
				"seconds":	0.99993699789047241,
				"bytes":	394866776,
				"bits_per_second":	3159133240.0584025,
				"retransmits":	0,
				"omitted":	false,
				"sender":	true
			}
		}, {
			"streams":	[{
					"socket":	5,
					"start":	9.000023,
					"end":	10.000106,
					"seconds":	1.0000829696655273,
					"bytes":	405232864,
					"bits_per_second":	3241593958.0335264,
					"retransmits":	0,
					"snd_cwnd":	422816,
					"snd_wnd":	0,
					"rtt":	95,
					"rttvar":	134,
					"pmtu":	1500,
					"omitted":	false,
					"sender":	true
				}],
			"sum":	{
				"start":	9.000023,
				"end":	10.000106,
				"seconds":	1.0000829696655273,
				"bytes":	405232864,
				"bits_per_second":	3241593958.0335264,
				"retransmits":	0,
				"omitted":	false,
				"sender":	true
			}
		}, {
			"streams":	[{
					"socket":	5,
					"start":	10.000106,
					"end":	11.000081,
					"seconds":	0.999975025653839,
					"bytes":	419695560,
					"bits_per_second":	3357648335.0718064,
					"retransmits":	0,
					"snd_cwnd":	422816,
					"snd_wnd":	0,
					"rtt":	32,
					"rttvar":	5,
					"pmtu":	1500,
					"omitted":	false,
					"sender":	true
				}],
			"sum":	{
				"start":	10.000106,
				"end":	11.000081,
				"seconds":	0.999975025653839,
				"bytes":	419695560,
				"bits_per_second":	3357648335.0718064,
				"retransmits":	0,
				"omitted":	false,
				"sender":	true
			}
		}, {
			"streams":	[{
					"socket":	5,
					"start":	11.000081,
					"end":	12.000092,
					"seconds":	1.0000109672546387,
					"bytes":	408422880,
					"bits_per_second":	3267347206.1711969,
					"retransmits":	0,
					"snd_cwnd":	422816,
					"snd_wnd":	128,
					"rtt":	49,
					"rttvar":	30,
					"pmtu":	1500,
					"omitted":	false,
					"sender":	true
				}],
			"sum":	{
				"start":	11.000081,
				"end":	12.000092,
				"seconds":	1.0000109672546387,
				"bytes":	408422880,
				"bits_per_second":	3267347206.1711969,
				"retransmits":	0,
				"omitted":	false,
				"sender":	true
			}
		}, {
			"streams":	[{
					"socket":	5,
					"start":	12.000092,