{
	"start":	{
		"connected":	[{
				"socket":	5,
				"local_host":	"172.21.0.3",
				"local_port":	39136,
				"remote_host":	"172.21.0.2",
				"remote_port":	15200
			}],
		"version":	"iperf 3.12",
		"system_info":	"Linux 0aebf804d0a4 6.12.80 #1-NixOS SMP PREEMPT_DYNAMIC Thu Apr  2 11:09:54 UTC 2026 x86_64",
		"timestamp":	{
			"time":	"Thu, 23 Apr 2026 08:01:46 GMT",
			"timesecs":	1776931306
		},
		"connecting_to":	{
			"host":	"tunnel-server",
			"port":	15200
		},
		"cookie":	"vcaynjgwxqp5a4o76lvsxyunp4oaqsorz2jr",
		"tcp_mss_default":	1448,
		"target_bitrate":	0,
		"sock_bufsize":	0,
		"sndbuf_actual":	16384,
		"rcvbuf_actual":	131072,
		"test_start":	{
			"protocol":	"TCP",
			"num_streams":	1,
			"blksize":	131072,
			"omit":	0,
			"duration":	30,
			"bytes":	0,
			"blocks":	0,
			"reverse":	0,
			"tos":	0,
			"target_bitrate":	0
		}
	},
	"intervals":	[{
			"streams":	[{
					"socket":	5,
					"start":	0,
					"end":	1.000121,
					"seconds":	1.000120997428894,
					"bytes":	362414080,
					"bits_per_second":	2898961873.0668969,
					"retransmits":	0,
					"snd_cwnd":	1020840,
					"snd_wnd":	0,
					"rtt":	209,
					"rttvar":	142,
					"pmtu":	1500,
					"omitted":	false,
					"sender":	true
				}],
			"sum":	{
				"start":	0,
				"end":	1.000121,
				"seconds":	1.000120997428894,
				"bytes":	362414080,
				"bits_per_second":	2898961873.0668969,
				"retransmits":	0,
				"omitted":	false,
				"sender":	true
			}
		}, {
			"streams":	[{
					"socket":	5,
					"start":	1.000121,
					"end":	2.00009,
					"seconds":	0.9999690055847168,
					"bytes":	363069440,
					"bits_per_second":	2904645547.7903585,
					"retransmits":	0,
					"snd_cwnd":	1020840,
					"snd_wnd":	0,
					"rtt":	187,
					"rttvar":	164,
					"pmtu":	1500,
					"omitted":	false,
					"sender":	true
				}],
			"sum":	{
				"start":	1.000121,
				"end":	2.00009,
				"seconds":	0.9999690055847168,
				"bytes":	363069440,
				"bits_per_second":	2904645547.7903585,
				"retransmits":	0,
				"omitted":	false,
				"sender":	true
			}
		}, {
			"streams":	[{
					"socket":	5,
					"start":	2.00009,
					"end":	3.000011,
					"seconds":	0.99992102384567261,
					"bytes":	365690880,
					"bits_per_second":	2925758105.1236348,
					"retransmits":	0,
					"snd_cwnd":	1020840,
					"snd_wnd":	0,
					"rtt":	132,
					"rttvar":	34,
					"pmtu":	1500,
					"omitted":	false,
					"sender":	true
				}],
			"sum":	{
				"start":	2.00009,
				"end":	3.000011,
				"seconds":	0.99992102384567261,
				"bytes":	365690880,
				"bits_per_second":	2925758105.1236348,
				"retransmits":	0,
				"omitted":	false,
				"sender":	true
			}
		}, {
			"streams":	[{
					"socket":	5,
					"start":	3.000011,
					"end":	4.000253,
					"seconds":	1.0002419948577881,
					"bytes":	352583680,
					"bits_per_second":	2819987017.6427011,
					"retransmits":	0,
					"snd_cwnd":	1020840,
					"snd_wnd":	0,
					"rtt":	151,
					"rttvar":	82,
					"pmtu":	1500,
					"omitted":	false,
					"sender":	true
				}],
			"sum":	{
				"start":	3.000011,
				"end":	4.000253,
				"seconds":	1.0002419948577881,
				"bytes":	352583680,
				"bits_per_second":	2819987017.6427011,
				"retransmits":	0,
				"omitted":	false,
				"sender":	true
			}
		}, {
			"streams":	[{
					"socket":	5,
					"start":	4.000253,
					"end":	5.000086,
					"seconds":	0.99983298778533936,
					"bytes":	373555200,
					"bits_per_second":	2988940789.6207643,
					"retransmits":	0,
					"snd_cwnd":	1020840,
					"snd_wnd":	0,
					"rtt":	118,
					"rttvar":	28,
					"pmtu":	1500,
					"omitted":	false,
					"sender":	true
				}],
			"sum":	{
				"start":	4.000253,
				"end":	5.000086,
				"seconds":	0.99983298778533936,
				"bytes":	373555200,
				"bits_per_second":	2988940789.6207643,
				"retransmits":	0,
				"omitted":	false,
				"sender":	true
			}
		}, {
			"streams":	[{
					"socket":	5,
					"start":	5.000086,
					"end":	6.000106,
					"seconds":	1.0000200271606445,
					"bytes":	343408640,
					"bits_per_second":	2747214101.1018724,
					"retransmits":	0,
					"snd_cwnd":	1020840,
					"snd_wnd":	0,
					"rtt":	152,
					"rttvar":	85,
					"pmtu":	1500,
					"omitted":	false,
					"sender":	true
				}],
			"sum":	{
				"start":	5.000086,
				"end":	6.000106,
				"seconds":	1.0000200271606445,
				"bytes":	343408640,
				"bits_per_second":	2747214101.1018724,
				"retransmits":	0,
				"omitted":	false,
				"sender":	true
			}
		}, {
			"streams":	[{
					"socket":	5,
					"start":	6.000106,
					"end":	7.0001,
					"seconds":	0.99999397993087769,
					"bytes":	348651520,
					"bits_per_second":	2789228951.3510852,
					"retransmits":	0,
					"snd_cwnd":	1020840,
					"snd_wnd":	0,
					"rtt":	163,
					"rttvar":	52,
					"pmtu":	1500,
					"omitted":	false,
					"sender":	true
				}],
			"sum":	{
				"start":	6.000106,
				"end":	7.0001,
				"seconds":	0.99999397993087769,
				"bytes":	348651520,
				"bits_per_second":	2789228951.3510852,
				"retransmits":	0,
				"omitted":	false,
				"sender":	true
			}
		}, {
			"streams":	[{
					"socket":	5,
					"start":	7.0001,
					"end":	8.000113,
					"seconds":	1.000012993812561,
					"bytes":	319815680,
					"bits_per_second":	2558492195.4319735,
					"retransmits":	0,
					"snd_cwnd":	1020840,
					"snd_wnd":	0,
					"rtt":	186,
					"rttvar":	95,
					"pmtu":	1500,
					"omitted":	false,
					"sender":	true
				}],
			"sum":	{
				"start":	7.0001,
				"end":	8.000113,
				"seconds":	1.000012993812561,
				"bytes":	319815680,
				"bits_per_second":	2558492195.4319735,
				"retransmits":	0,
				"omitted":	false,
				"sender":	true
			}
		}, {
			"streams":	[{
					"socket":	5,
					"start":	8.000113,
					"end":	9.000109,
					"seconds":	0.9999960064888,
					"bytes":	305397760,
					"bits_per_second":	2443191836.9139643,
					"retransmits":	0,
					"snd_cwnd":	1020840,
					"snd_wnd":	0,
					"rtt":	198,
					"rttvar":	91,
					"pmtu":	1500,
					"omitted":	false,
					"sender":	true
				}],
			"sum":	{
				"start":	8.000113,
				"end":	9.000109,
				"seconds":	0.9999960064888,
				"bytes":	305397760,
				"bits_per_second":	2443191836.9139643,
				"retransmits":	0,
				"omitted":	false,
				"sender":	true
			}
		}, {
			"streams":	[{
					"socket":	5,
					"start":	9.000109,
					"end":	10.000104,
					"seconds":	0.999994993209839,
					"bytes":	344719360,
					"bits_per_second":	2757768687.5691314,
					"retransmits":	0,
					"snd_cwnd":	1020840,
					"snd_wnd":	0,
					"rtt":	126,
					"rttvar":	30,
					"pmtu":	1500,
					"omitted":	false,
					"sender":	true
				}],
			"sum":	{
				"start":	9.000109,
				"end":	10.000104,
				"seconds":	0.999994993209839,
				"bytes":	344719360,
				"bits_per_second":	2757768687.5691314,
				"retransmits":	0,
				"omitted":	false,
				"sender":	true
			}
		}, {
			"streams":	[{
					"socket":	5,
					"start":	10.000104,
					"end":	11.000086,
					"seconds":	0.99998199939727783,
					"bytes":	364380160,
					"bits_per_second":	2915093753.4445539,
					"retransmits":	0,
					"snd_cwnd":	1020840,
					"snd_wnd":	0,
					"rtt":	195,
					"rttvar":	147,
					"pmtu":	1500,
					"omitted":	false,
					"sender":	true
				}],
			"sum":	{
				"start":	10.000104,
				"end":	11.000086,
				"seconds":	0.99998199939727783,
				"bytes":	364380160,
				"bits_per_second":	2915093753.4445539,
				"retransmits":	0,
				"omitted":	false,
				"sender":	true
			}
		}, {
			"streams":	[{
					"socket":	5,
					"start":	11.000086,
					"end":	12.000099,
					"seconds":	1.000012993812561,
					"bytes":	359137280,
					"bits_per_second":	2873060907.985085,
					"retransmits":	0,
					"snd_cwnd":	1020840,
					"snd_wnd":	550912,
					"rtt":	141,
					"rttvar":	55,
					"pmtu":	1500,
					"omitted":	false,
					"sender":	true
				}],
			"sum":	{
				"start":	11.000086,
				"end":	12.000099,
				"seconds":	1.000012993812561,
				"bytes":	359137280,
				"bits_per_second":	2873060907.985085,
				"retransmits":	0,
				"omitted":	false,