{
	"start":	{
		"connected":	[{
				"socket":	5,
				"local_host":	"172.18.0.2",
				"local_port":	52982,
				"remote_host":	"172.18.0.3",
				"remote_port":	15200
			}],
		"version":	"iperf 3.12",
		"system_info":	"Linux ca2dc4a9c4bb 6.12.80 #1-NixOS SMP PREEMPT_DYNAMIC Thu Apr  2 11:09:54 UTC 2026 x86_64",
		"timestamp":	{
			"time":	"Thu, 23 Apr 2026 08:00:51 GMT",
			"timesecs":	1776931251
		},
		"connecting_to":	{
			"host":	"tunnel-server",
			"port":	15200
		},
		"cookie":	"5mvrwol7p54y2zbuuo5aox5tqzmzpeiq32to",
		"tcp_mss_default":	1448,
		"target_bitrate":	0,
		"sock_bufsize":	0,
		"sndbuf_actual":	16384,
		"rcvbuf_actual":	131072,
		"test_start":	{
			"protocol":	"TCP",
			"num_streams":	1,
			"blksize":	131072,
			"omit":	0,
			"duration":	30,
			"bytes":	0,
			"blocks":	0,
			"reverse":	0,
			"tos":	0,
			"target_bitrate":	0
		}
	},
	"intervals":	[{
			"streams":	[{
					"socket":	5,
					"start":	0,
					"end":	1.000087,
					"seconds":	1.0000870227813721,
					"bytes":	376045568,
					"bits_per_second":	3008102770.5302553,
					"retransmits":	0,
					"snd_cwnd":	635672,
					"snd_wnd":	0,
					"rtt":	158,
					"rttvar":	16,
					"pmtu":	1500,
					"omitted":	false,
					"sender":	true
				}],
			"sum":	{
				"start":	0,
				"end":	1.000087,
				"seconds":	1.0000870227813721,
				"bytes":	376045568,
				"bits_per_second":	3008102770.5302553,
				"retransmits":	0,
				"omitted":	false,
				"sender":	true
			}
		}, {
			"streams":	[{
					"socket":	5,
					"start":	1.000087,
					"end":	2.000078,
					"seconds":	0.999990999698639,
					"bytes":	355591952,
					"bits_per_second":	2844761219.7082777,
					"retransmits":	0,
					"snd_cwnd":	635672,
					"snd_wnd":	0,
					"rtt":	124,
					"rttvar":	13,
					"pmtu":	1500,
					"omitted":	false,
					"sender":	true
				}],
			"sum":	{
				"start":	1.000087,
				"end":	2.000078,
				"seconds":	0.999990999698639,
				"bytes":	355591952,
				"bits_per_second":	2844761219.7082777,
				"retransmits":	0,
				"omitted":	false,
				"sender":	true
			}
		}, {
			"streams":	[{
					"socket":	5,
					"start":	2.000078,
					"end":	3.000089,
					"seconds":	1.0000109672546387,
					"bytes":	359667952,
					"bits_per_second":	2877312059.7859654,
					"retransmits":	0,
					"snd_cwnd":	635672,
					"snd_wnd":	0,
					"rtt":	175,
					"rttvar":	22,
					"pmtu":	1500,
					"omitted":	false,
					"sender":	true
				}],
			"sum":	{
				"start":	2.000078,
				"end":	3.000089,
				"seconds":	1.0000109672546387,
				"bytes":	359667952,
				"bits_per_second":	2877312059.7859654,
				"retransmits":	0,
				"omitted":	false,
				"sender":	true
			}
		}, {
			"streams":	[{
					"socket":	5,
					"start":	3.000089,
					"end":	4.000084,
					"seconds":	0.999994993209839,
					"bytes":	339869696,
					"bits_per_second":	2718971181.3181591,
					"retransmits":	0,
					"snd_cwnd":	635672,
					"snd_wnd":	0,
					"rtt":	152,
					"rttvar":	25,
					"pmtu":	1500,
					"omitted":	false,
					"sender":	true
				}],
			"sum":	{
				"start":	3.000089,
				"end":	4.000084,
				"seconds":	0.999994993209839,
				"bytes":	339869696,
				"bits_per_second":	2718971181.3181591,
				"retransmits":	0,
				"omitted":	false,
				"sender":	true
			}
		}, {
			"streams":	[{
					"socket":	5,
					"start":	4.000084,
					"end":	5.00008,
					"seconds":	0.9999960064888,
					"bytes":	360448000,
					"bits_per_second":	2883595515.6709881,
					"retransmits":	0,
					"snd_cwnd":	635672,
					"snd_wnd":	0,
					"rtt":	159,
					"rttvar":	38,
					"pmtu":	1500,
					"omitted":	false,
					"sender":	true
				}],
			"sum":	{
				"start":	4.000084,
				"end":	5.00008,
				"seconds":	0.9999960064888,
				"bytes":	360448000,
				"bits_per_second":	2883595515.6709881,
				"retransmits":	0,
				"omitted":	false,
				"sender":	true
			}
		}, {
			"streams":	[{
					"socket":	5,
					"start":	5.00008,
					"end":	6.000049,
					"seconds":	0.9999690055847168,
					"bytes":	355991552,
					"bits_per_second":	2848020688.7359619,
					"retransmits":	0,
					"snd_cwnd":	635672,
					"snd_wnd":	0,
					"rtt":	136,
					"rttvar":	18,
					"pmtu":	1500,
					"omitted":	false,
					"sender":	true
				}],
			"sum":	{
				"start":	5.00008,
				"end":	6.000049,
				"seconds":	0.9999690055847168,
				"bytes":	355991552,
				"bits_per_second":	2848020688.7359619,
				"retransmits":	0,
				"omitted":	false,
				"sender":	true
			}
		}, {
			"streams":	[{
					"socket":	5,
					"start":	6.000049,
					"end":	7.000289,
					"seconds":	1.0002399682998657,
					"bytes":	365821952,
					"bits_per_second":	2925873499.110796,
					"retransmits":	0,
					"snd_cwnd":	635672,
					"snd_wnd":	0,
					"rtt":	135,
					"rttvar":	19,
					"pmtu":	1500,
					"omitted":	false,
					"sender":	true
				}],
			"sum":	{
				"start":	6.000049,
				"end":	7.000289,
				"seconds":	1.0002399682998657,
				"bytes":	365821952,
				"bits_per_second":	2925873499.110796,
				"retransmits":	0,
				"omitted":	false,
				"sender":	true
			}
		}, {
			"streams":	[{
					"socket":	5,
					"start":	7.000289,
					"end":	8.000087,
					"seconds":	0.9997979998588562,
					"bytes":	354015328,
					"bits_per_second":	2832694828.7552257,
					"retransmits":	0,
					"snd_cwnd":	635672,
					"snd_wnd":	0,
					"rtt":	162,
					"rttvar":	29,
					"pmtu":	1500,
					"omitted":	false,
					"sender":	true
				}],
			"sum":	{
				"start":	7.000289,
				"end":	8.000087,
				"seconds":	0.9997979998588562,
				"bytes":	354015328,
				"bits_per_second":	2832694828.7552257,
				"retransmits":	0,
				"omitted":	false,
				"sender":	true
			}
		}, {
			"streams":	[{
					"socket":	5,
					"start":	8.000087,
					"end":	9.000112,
					"seconds":	1.0000250339508057,
					"bytes":	353904544,
					"bits_per_second":	2831165476.7427325,
					"retransmits":	0,
					"snd_cwnd":	635672,
					"snd_wnd":	0,
					"rtt":	117,
					"rttvar":	9,
					"pmtu":	1500,
					"omitted":	false,
					"sender":	true
				}],
			"sum":	{
				"start":	8.000087,
				"end":	9.000112,
				"seconds":	1.0000250339508057,
				"bytes":	353904544,
				"bits_per_second":	2831165476.7427325,
				"retransmits":	0,
				"omitted":	false,
				"sender":	true
			}
		}, {
			"streams":	[{
					"socket":	5,
					"start":	9.000112,
					"end":	10.000107,
					"seconds":	0.999994993209839,
					"bytes":	329121792,
					"bits_per_second":	2632987518.8160038,
					"retransmits":	0,
					"snd_cwnd":	635672,
					"snd_wnd":	0,
					"rtt":	196,
					"rttvar":	43,
					"pmtu":	1500,
					"omitted":	false,
					"sender":	true
				}],
			"sum":	{
				"start":	9.000112,
				"end":	10.000107,
				"seconds":	0.999994993209839,
				"bytes":	329121792,
				"bits_per_second":	2632987518.8160038,
				"retransmits":	0,
				"omitted":	false,
				"sender":	true
			}
		}, {
			"streams":	[{
					"socket":	5,
					"start":	10.000107,
					"end":	11.000085,
					"seconds":	0.999978005886078,
					"bytes":	342884352,
					"bits_per_second":	2743135148.8269672,
					"retransmits":	0,
					"snd_cwnd":	635672,
					"snd_wnd":	0,
					"rtt":	125,
					"rttvar":	7,
					"pmtu":	1500,
					"omitted":	false,
					"sender":	true
				}],
			"sum":	{
				"start":	10.000107,
				"end":	11.000085,
				"seconds":	0.999978005886078,
				"bytes":	342884352,
				"bits_per_second":	2743135148.8269672,
				"retransmits":	0,
				"omitted":	false,
				"sender":	true
			}
		}, {
			"streams":	[{
					"socket":	5,
					"start":	11.000085,
					"end":	12.000088,
					"seconds":	1.0000029802322388,
					"bytes":	340000768,
					"bits_per_second":	2719998037.7741585,
					"retransmits":	0,
					"snd_cwnd":	635672,
					"snd_wnd":	0,
					"rtt":	179,
					"rttvar":	29,
					"pmtu":	1500,
					"omitted":	false,
					"sender":	true
				}],
			"sum":	{
				"start":	11.000085,
				"end":	12.000088,
				"seconds":	1.0000029802322388,
				"bytes":	340000768,
				"bits_per_second":	2719998037.7741585,
				"retransmits":	0,
				"omitted":	false,
				"sender":	true
			}
		}, {
			"streams":	[{
					"socket":	5,