{
	"start":	{
		"connected":	[{
				"socket":	5,
				"local_host":	"172.22.0.2",
				"local_port":	49488,
				"remote_host":	"172.22.0.3",
				"remote_port":	15200
			}],
		"version":	"iperf 3.12",
		"system_info":	"Linux 3f3ebbbaf017 6.12.80 #1-NixOS SMP PREEMPT_DYNAMIC Thu Apr  2 11:09:54 UTC 2026 x86_64",
		"timestamp":	{
			"time":	"Thu, 23 Apr 2026 08:03:25 GMT",
			"timesecs":	1776931405
		},
		"connecting_to":	{
			"host":	"tunnel-server",
			"port":	15200
		},
		"cookie":	"epaztzs62mydrdbt6zw2lsdre3skfwkv7a5w",
		"tcp_mss_default":	1448,
		"target_bitrate":	0,
		"sock_bufsize":	0,
		"sndbuf_actual":	16384,
		"rcvbuf_actual":	131072,
		"test_start":	{
			"protocol":	"TCP",
			"num_streams":	1,
			"blksize":	131072,
			"omit":	0,
			"duration":	30,
			"bytes":	0,
			"blocks":	0,
			"reverse":	0,
			"tos":	0,
			"target_bitrate":	0
		}
	},
	"intervals":	[{
			"streams":	[{
					"socket":	5,
					"start":	0,
					"end":	1.000446,
					"seconds":	1.0004459619522095,
					"bytes":	434634752,
					"bits_per_second":	3475528062.72019,
					"retransmits":	0,
					"snd_cwnd":	732688,
					"snd_wnd":	93824,
					"rtt":	55,
					"rttvar":	24,
					"pmtu":	1500,
					"omitted":	false,
					"sender":	true
				}],
			"sum":	{
				"start":	0,
				"end":	1.000446,
				"seconds":	1.0004459619522095,
				"bytes":	434634752,
				"bits_per_second":	3475528062.72019,
				"retransmits":	0,
				"omitted":	false,
				"sender":	true
			}
		}, {
			"streams":	[{
					"socket":	5,
					"start":	1.000446,
					"end":	2.000097,
					"seconds":	0.99965101480484,
					"bytes":	416808960,
					"bits_per_second":	3335635767.4993033,
					"retransmits":	1,
					"snd_cwnd":	732688,
					"snd_wnd":	97920,
					"rtt":	135,
					"rttvar":	190,
					"pmtu":	1500,
					"omitted":	false,
					"sender":	true
				}],
			"sum":	{
				"start":	1.000446,
				"end":	2.000097,
				"seconds":	0.99965101480484,
				"bytes":	416808960,
				"bits_per_second":	3335635767.4993033,
				"retransmits":	1,
				"omitted":	false,
				"sender":	true
			}
		}, {
			"streams":	[{
					"socket":	5,
					"start":	2.000097,
					"end":	3.000105,
					"seconds":	1.0000079870224,
					"bytes":	424673280,
					"bits_per_second":	3397359105.2167263,
					"retransmits":	0,
					"snd_cwnd":	732688,
					"snd_wnd":	0,
					"rtt":	82,
					"rttvar":	63,
					"pmtu":	1500,
					"omitted":	false,
					"sender":	true
				}],
			"sum":	{
				"start":	2.000097,
				"end":	3.000105,
				"seconds":	1.0000079870224,
				"bytes":	424673280,
				"bits_per_second":	3397359105.2167263,
				"retransmits":	0,
				"omitted":	false,
				"sender":	true
			}
		}, {
			"streams":	[{
					"socket":	5,
					"start":	3.000105,
					"end":	4.000096,
					"seconds":	0.999990999698639,
					"bytes":	425984000,
					"bits_per_second":	3407902672.1510587,
					"retransmits":	0,
					"snd_cwnd":	732688,
					"snd_wnd":	68864,
					"rtt":	37,
					"rttvar":	15,
					"pmtu":	1500,
					"omitted":	false,
					"sender":	true
				}],
			"sum":	{
				"start":	3.000105,
				"end":	4.000096,
				"seconds":	0.999990999698639,
				"bytes":	425984000,
				"bits_per_second":	3407902672.1510587,
				"retransmits":	0,
				"omitted":	false,
				"sender":	true
			}
		}, {
			"streams":	[{
					"socket":	5,
					"start":	4.000096,
					"end":	5.000094,
					"seconds":	0.99999797344207764,
					"bytes":	365690880,
					"bits_per_second":	2925532968.7620149,
					"retransmits":	3,
					"snd_cwnd":	732688,
					"snd_wnd":	0,
					"rtt":	37,
					"rttvar":	7,
					"pmtu":	1500,
					"omitted":	false,
					"sender":	true
				}],
			"sum":	{
				"start":	4.000096,
				"end":	5.000094,
				"seconds":	0.99999797344207764,
				"bytes":	365690880,
				"bits_per_second":	2925532968.7620149,
				"retransmits":	3,
				"omitted":	false,
				"sender":	true
			}
		}, {
			"streams":	[{
					"socket":	5,
					"start":	5.000094,
					"end":	6.000112,
					"seconds":	1.0000180006027222,
					"bytes":	368312320,
					"bits_per_second":	2946445522.2047124,
					"retransmits":	0,
					"snd_cwnd":	732688,
					"snd_wnd":	0,
					"rtt":	138,
					"rttvar":	193,
					"pmtu":	1500,
					"omitted":	false,
					"sender":	true
				}],
			"sum":	{
				"start":	5.000094,
				"end":	6.000112,
				"seconds":	1.0000180006027222,
				"bytes":	368312320,
				"bits_per_second":	2946445522.2047124,
				"retransmits":	0,
				"omitted":	false,
				"sender":	true
			}
		}, {
			"streams":	[{
					"socket":	5,
					"start":	6.000112,
					"end":	7.000097,
					"seconds":	0.9999849796295166,
					"bytes":	376176640,
					"bits_per_second":	3009458323.1789684,
					"retransmits":	3,
					"snd_cwnd":	732688,
					"snd_wnd":	0,
					"rtt":	35,
					"rttvar":	9,
					"pmtu":	1500,
					"omitted":	false,
					"sender":	true
				}],
			"sum":	{
				"start":	6.000112,
				"end":	7.000097,
				"seconds":	0.9999849796295166,
				"bytes":	376176640,
				"bits_per_second":	3009458323.1789684,
				"retransmits":	3,
				"omitted":	false,
				"sender":	true
			}
		}, {
			"streams":	[{
					"socket":	5,
					"start":	7.000097,
					"end":	8.000094,
					"seconds":	0.99999701976776123,
					"bytes":	418119680,
					"bits_per_second":	3344967408.77971,
					"retransmits":	0,
					"snd_cwnd":	732688,
					"snd_wnd":	0,
					"rtt":	182,
					"rttvar":	303,
					"pmtu":	1500,
					"omitted":	false,
					"sender":	true
				}],
			"sum":	{
				"start":	7.000097,
				"end":	8.000094,
				"seconds":	0.99999701976776123,
				"bytes":	418119680,
				"bits_per_second":	3344967408.77971,
				"retransmits":	0,
				"omitted":	false,
				"sender":	true
			}
		}, {
			"streams":	[{
					"socket":	5,
					"start":	8.000094,
					"end":	9.000359,
					"seconds":	1.0002650022506714,
					"bytes":	405012480,
					"bits_per_second":	3239241433.7295938,
					"retransmits":	0,
					"snd_cwnd":	732688,
					"snd_wnd":	0,
					"rtt":	162,
					"rttvar":	239,
					"pmtu":	1500,
					"omitted":	false,
					"sender":	true
				}],
			"sum":	{
				"start":	8.000094,
				"end":	9.000359,
				"seconds":	1.0002650022506714,
				"bytes":	405012480,
				"bits_per_second":	3239241433.7295938,
				"retransmits":	0,
				"omitted":	false,
				"sender":	true
			}
		}, {
			"streams":	[{
					"socket":	5,
					"start":	9.000359,
					"end":	10.000097,
					"seconds":	0.99973797798156738,
					"bytes":	391905280,
					"bits_per_second":	3136063957.8081589,
					"retransmits":	0,
					"snd_cwnd":	732688,
					"snd_wnd":	0,
					"rtt":	47,
					"rttvar":	16,
					"pmtu":	1500,
					"omitted":	false,
					"sender":	true
				}],
			"sum":	{
				"start":	9.000359,
				"end":	10.000097,
				"seconds":	0.99973797798156738,
				"bytes":	391905280,
				"bits_per_second":	3136063957.8081589,
				"retransmits":	0,
				"omitted":	false,
				"sender":	true
			}
		}, {
			"streams":	[{
					"socket":	5,
					"start":	10.000097,
					"end":	11.000067,
					"seconds":	0.999970018863678,
					"bytes":	403701760,
					"bits_per_second":	3229710910.4030857,
					"retransmits":	1,
					"snd_cwnd":	732688,
					"snd_wnd":	128,
					"rtt":	53,
					"rttvar":	21,
					"pmtu":	1500,
					"omitted":	false,
					"sender":	true
				}],
			"sum":	{
				"start":	10.000097,
				"end":	11.000067,
				"seconds":	0.999970018863678,
				"bytes":	403701760,
				"bits_per_second":	3229710910.4030857,
				"retransmits":	1,
				"omitted":	false,
				"sender":	true
			}
		}, {
			"streams":	[{
					"socket":	5,
					"start":	11.000067,
					"end":	12.000144,
					"seconds":	1.00007700920105,
					"bytes":	407633920,
					"bits_per_second":	3260820246.8380241,
					"retransmits":	1,
					"snd_cwnd":	732688,
					"snd_wnd":	0,
					"rtt":	96,
					"rttvar":	109,
					"pmtu":	1500,
					"omitted":	false,
					"sender":	true
				}],
			"sum":	{
				"start":	11.000067,
				"end":	12.000144,
				"seconds":	1.00007700920105,
				"bytes":	407633920,
				"bits_per_second":	3260820246.8380241,
				"retransmits":	1,
				"omitted":	false,
				"sender":	true
			}
		}, {
			"streams":	[{
					"socket":	5,